MasterID,ID,Mag,Magerr,RA,Dec,FWHM,Var,FrameID,MJD,airmass,exposure,X,Y,Flux,Area,Flags,Theta,Elong,MuMax,Blend
1001004036720,5120600100411022310,16.743863,0.0773966568508161,10.55176,-0.7143,2.71,0,5120600100411,53710.0989193749,1.22,30,1015.35,3058.83,7716.5,38,0,-64.7,1.145,3.53,0
1001004036720,5120600100421022249,16.819,0.0787703469610051,10.55181,-0.71429,2.38,0,5120600100421,53710.1053063772,1.21,30,1017.94,3039,7211.799805,32,0,-61.6,1.118,3.74,0
1001004036720,5120600100431022329,16.857959,0.079457696952249,10.55184,-0.71428,2.45,0,5120600100431,53710.111680544,1.21,30,1027.67,3063.3,6979.899902,32,0,-62.8,1.093,3.5,0
1001004036720,5120600100441022585,16.846489,0.0792674668626481,10.55176,-0.71435,2.55,0,5120600100441,53710.1180349076,1.2,30,1004.15,3059.31,7042.799805,33,0,-59.3,1.263,3.63,0
1001004036720,5071200100411021991,16.754871,0.0804695027326981,10.55224,-0.71392,2.31,0,5071200100411,53563.4329425232,1.46,30,1038.67,3118.56,6660.799805,32,0,-21,1.162,3.7,0
1001004036720,5071200100421022072,16.728462,0.0798206552257057,10.55218,-0.71398,2.29,0,5071200100421,53563.4388933913,1.42,30,1046.86,3109.46,6862.5,33,0,-50.6,1.088,3.75,0
1001004036720,5071200100431022669,16.865783,0.0827333664169481,10.5522,-0.71387,2.04,0,5071200100431,53563.4448648729,1.39,30,1037.56,3108.03,6030.100098,28,0,-75.8,1.086,3.84,0
1001004036720,5071200100441022148,16.841272,0.0819460926616777,10.5522,-0.71403,2.21,0,5071200100441,53563.4508662154,1.36,30,1043.36,3103.38,6237.5,30,0,-70.9,1.036,3.7,0
1001004036720,5112900100411021890,16.948549,0.0822127965028007,10.55184,-0.71426,2.48,0,5112900100411,53703.0667744558,1.37,30,989.81,3060.79,6165.899902,33,0,-30.8,1.08,3.34,0
1001004036720,5112900100421021363,16.935077,0.0818421067577429,10.5519,-0.71428,2.44,0,5112900100421,53703.0726368981,1.35,30,988.704,3041.85,6265.799805,32,0,74.1,1.043,3.4,0
1001004036720,5112900100431021427,16.911864,0.081330376206468,10.55187,-0.71422,2.55,0,5112900100431,53703.078519722,1.32,30,999.796,3066.1,6408.299805,43,2,-65.4,1.181,3.41,0
1001004036720,5112900100441022184,16.954417,0.0822120434646129,10.5519,-0.71428,2.55,0,5112900100441,53703.084419433,1.3,30,976.68,3063.42,6166.100098,37,2,-46.1,1.142,3.43,0
1001004036720,5100700100411022331,16.706899,0.0799426225811833,10.55186,-0.71434,2.19,0,5100700100411,53650.2818828011,1.2,30,1007.13,3031.05,6823.799805,29,0,35.7,1.05,3.75,0
1001004036720,5100700100421021715,16.653733,0.0787533482438385,10.55191,-0.71438,2.46,0,5100700100421,53650.2888928703,1.2,30,1009.04,3013.04,7217.700195,38,0,4.2,1.15,3.49,0
1001004036720,5100700100431022958,16.648506,0.0787432760700488,10.5518,-0.71436,2.13,0,5100700100431,53650.2959052548,1.2,30,1020.67,3035.99,7221.200195,34,0,-41.5,1.107,3.95,0
1001004036720,5100700100441023095,16.7101,0.0798313235148577,10.55186,-0.71428,2.21,0,5100700100441,53650.3029556018,1.2,30,996.047,3033.55,6859.100098,27,0,-39.9,1.058,3.59,0
1001004036720,5101200100411020878,16.885915,0.0825186170445589,10.55185,-0.71439,2.1,0,5101200100411,53655.2819409375,1.2,30,966.723,3057.02,6085.5,26,0,-75.2,1.106,3.54,0
1001004036720,5101200100421020864,16.834724,0.0814624445176854,10.55186,-0.7143,2.19,0,5101200100421,53655.2869240511,1.2,30,966.761,3039.25,6371,26,0,-54.8,1.113,3.48,0
1001004036720,5101200100431020774,16.901342,0.0828321633012646,10.55181,-0.71423,2.12,0,5101200100431,53655.2919060071,1.2,30,978.778,3064.48,6004.899902,27,0,-1.1,1.102,3.45,0
1001004036720,5101200100441020608,16.880624,0.082367136677688,10.55183,-0.71429,2.1,0,5101200100441,53655.2968867016,1.21,30,956.724,3062.47,6125.100098,25,0,-22.7,1.214,3.4,0
1001004036720,5102700100411023900,16.757554,0.0778908665644419,10.55187,-0.71433,2.36,0,5102700100411,53670.2681451039,1.22,30,1029.6,3025.43,7528.200195,35,0,-25.4,1.073,3.75,0
1001004036720,5091400100411014525,16.445658,0.0779880195100351,10.55182,-0.71434,2.52,0,5091400100411,53627.2562547107,1.48,30,773.231,3056.44,7492.100098,28,0,-67.9,1.306,3.31,0
1001004036720,5091400100421013978,16.432438,0.0776654701964005,10.55185,-0.71435,2.29,0,5091400100421,53627.2627979745,1.43,30,824.184,3054.86,7613.100098,32,0,-52.7,1.077,3.37,0
1001004036720,5091400100431014602,16.443087,0.0778347142379206,10.55187,-0.71432,2.22,0,5091400100431,53627.2693539816,1.4,30,847.163,3054,7549.200195,31,0,-61.6,1.179,3.45,0
1001004036720,5091400100441014564,16.591899,0.0805951592832774,10.55184,-0.71433,2.26,0,5091400100441,53627.2758272109,1.37,30,883.637,3051.03,6622.899902,25,0,-74.1,1.303,3.49,0
1001004036720,5092300100411020600,16.413612,0.0738165020737395,10.55183,-0.71433,2.56,0,5092300100411,53636.3009831132,1.22,30,1171.18,3044.78,9358.700195,33,0,-16.6,1.099,3.53,0
1001004036720,5092300100421020704,16.422431,0.0738670064129814,10.55189,-0.71432,2.66,0,5092300100421,53636.3122440856,1.21,30,1208.08,3032.74,9331.5,37,0,-2.5,1.173,3.52,0
1001004036720,5092300100431020262,16.531324,0.0756206104489276,10.55184,-0.71428,2.59,0,5092300100431,53636.323479028,1.2,30,1249.71,3040.86,8464.099609,32,0,-0.1,1.189,3.67,0
1001004036720,5092300100441019967,16.546439,0.0758176536255459,10.55182,-0.7143,2.5,0,5092300100441,53636.3347225231,1.2,30,1268.4,3038.07,8375.200195,30,0,9.6,1.312,3.61,0
1001004036720,6121200100411023205,16.718196,0.0761684556080424,10.55185,-0.71429,2.32,0,6121200100411,54081.1890459145,1.36,30,986.332,3007.89,8220.799805,31,0,88.2,1.097,3.63,0
1001004036720,6121200100421022396,16.710187,0.0760082659278523,10.55177,-0.71437,2.38,0,6121200100421,54081.1945348494,1.38,30,987.323,2996.88,8290.700195,36,2,-77.5,1.358,3.52,0
1001004036720,6121200100431022587,16.697135,0.0758687620549367,10.55189,-0.71433,2.56,0,6121200100431,54081.2000407986,1.41,30,982.989,3008.21,8352.400391,37,0,25.9,1.035,3.52,0
1001004036720,6121200100441022256,16.724623,0.0763776746085259,10.55183,-0.7143,2.34,0,6121200100441,54081.2055180324,1.45,30,995.434,3004.92,8131,35,2,-63.5,1.161,3.56,0
1001004036720,6020100100411020891,16.985471,0.0842715503185048,10.55175,-0.71433,2.72,0,6020100100411,53767.08291625,1.57,30,1022.96,3006.2,5657.100098,22,0,-60.5,1.052,2.76,0
1001004036720,6020100100421019897,16.894639,0.084587569311385,10.55186,-0.71428,2.4,0,6020100100421,53767.0871623033,1.61,30,1020.19,2995.07,5585.299805,28,2,-82.4,1.23,2.89,0
1001004036720,6020100100431018873,16.878608,0.0878302225399693,10.55192,-0.71437,2.9,0,6020100100431,53767.0913846181,1.65,30,1034.33,3014.61,4929.600098,25,0,71.6,1.113,2.83,0
1001004036720,6020100100441018814,16.811454,0.0911813558504686,10.55178,-0.71431,2.51,0,6020100100441,53767.0956121413,1.69,30,1010.92,3017.35,4378.5,25,0,75,1.03,2.82,0
1001004036720,6011100100411016773,16.245442,0.0714709510574833,10.55185,-0.71431,2.56,0,6011100100411,53746.1121926503,1.39,30,1017.54,3048.91,10788.099609,27,0,-65.5,1.03,3.15,0
1001004036720,6011100100421016721,16.315616,0.0726212410079295,10.55191,-0.71427,2.44,0,6011100100421,53746.1178989583,1.42,30,1020,3031.59,10044,25,0,-86.5,1.035,3.05,0
1001004036720,6011100100431016407,16.293871,0.0724627042195002,10.55183,-0.71435,2.32,0,6011100100431,53746.1236098842,1.45,30,1031.72,3055.99,10141.299805,25,0,-46.5,1.111,3.19,0
1001004036720,6011100100441016147,16.483737,0.0756997557108448,10.5519,-0.71424,2.33,0,6011100100441,53746.129308206,1.49,30,1010.65,3055.6,8428.200195,21,0,45.7,1.072,2.91,0
1001004036720,6012200100411021634,16.611227,0.0755599300051206,10.55176,-0.71434,2.4,0,6012200100411,53757.087860683,1.42,30,1009.33,3038.09,8491.799805,34,0,-65.2,1.147,3.6,0
1001004036720,6012200100421021357,16.587804,0.0752023630208742,10.55186,-0.71424,2.34,0,6012200100421,53757.0959165162,1.47,30,1010.32,3020.43,8658.200195,40,2,-71.6,1.197,3.45,0
1001004036720,6012200100431021158,16.717051,0.0775824030474558,10.55186,-0.71427,2.31,0,6012200100431,53757.1039181943,1.52,30,1021.44,3044.57,7644.799805,30,0,40.4,1.034,3.49,0
1001004036720,6012200100441020415,16.667864,0.0768147115189233,10.55181,-0.71425,2.38,0,6012200100441,53757.1119254166,1.59,30,999.094,3041.55,7948.700195,31,0,-31.4,1.035,3.5,0
1001004036720,6013100100411021215,16.512811,0.0742637719408215,10.55184,-0.71428,2.2,0,6013100100411,53766.08564125,1.57,30,1021.3,3021.96,9122.400391,28,0,-1.4,1.104,3.62,0
1001004036720,6013100100421021565,16.449723,0.0733997290375433,10.55187,-0.71435,2.46,0,6013100100421,53766.089871435,1.61,30,1019.27,3004.71,9588.400391,35,0,-80,1.147,3.61,0
1001004036720,6013100100431021596,16.50104,0.0742984558252525,10.55184,-0.71421,2.22,0,6013100100431,53766.0941582178,1.65,30,1033.84,3030.73,9104.5,32,0,-24.3,1.061,3.74,0
1001004036720,6013100100441021215,16.590983,0.0758357849544212,10.55183,-0.71426,2.35,0,6013100100441,53766.0983798495,1.7,30,1009.19,3029.62,8367.099609,31,0,-24.9,1.002,3.47,0
1001004036720,6101600100411025626,16.094722,0.0665860248723685,10.55202,-0.71388,2.37,0,6101600100411,54024.2290989352,1.24,30,950.007,3077.67,15322.099609,47,2,-82,1.092,4.32,0
1001004036720,6101600100421024664,16.100368,0.066626153918879,10.55182,-0.71429,2.55,0,6101600100421,54024.2371235187,1.22,30,950.766,3056.67,15272.200195,50,0,-57.1,1.088,4.2,0
1001004036720,6101600100431025839,16.086278,0.0664548179221235,10.55199,-0.71411,2.4,0,6101600100431,54024.2451784373,1.21,30,941.755,3079.07,15487.200195,55,2,-89.7,1.106,4.5,0
1001004036720,6101600100441025783,16.147166,0.0671124255768098,10.55191,-0.71401,2.38,0,6101600100441,54024.2532019792,1.2,30,966.348,3074.72,14688.799805,51,2,-67.1,1.169,4.1,0
1001004036720,6102200100411024505,16.196653,0.0677391401451774,10.55186,-0.71431,2.65,0,6102200100411,54030.2805664004,1.22,30,995.603,3031.67,13990.799805,49,0,-77.1,1.094,4.22,0
1001004036720,6102200100421024690,16.209496,0.0678644251719491,10.55184,-0.71429,2.41,0,6102200100421,54030.2870429978,1.23,30,998.032,3013.09,13858,50,2,-53.9,1.113,4.24,0
1001004036720,6102200100431024647,16.255816,0.068485764117682,10.55187,-0.71433,2.55,0,6102200100431,54030.2935324423,1.24,30,986.82,3036.63,13229.900391,49,0,-83.6,1.09,4.24,0
1001004036720,6102200100441024142,16.247039,0.0684191559795729,10.5518,-0.71428,2.59,0,6102200100441,54030.3000052199,1.26,30,1011.42,3033.33,13294.900391,50,2,-79.5,1.233,3.96,0
1001004036720,6091200100411020728,16.096788,0.0670424515375286,10.55186,-0.71424,2.23,0,6091200100411,53990.4460618636,1.4,30,993.36,3011.19,14770.400391,38,2,-48.8,1.089,3.93,0
1001004036720,6091200100421020884,16.100461,0.0671686383206322,10.55188,-0.71424,2.42,0,6091200100421,53990.4524473613,1.44,30,995.542,2999.82,14623.799805,38,0,87.9,1.097,3.99,0
1001004036720,6091200100431020632,16.121621,0.0674990611331613,10.55186,-0.71427,2.32,0,6091200100431,53990.4588662037,1.48,30,993.921,3011.76,14251.400391,42,0,-78,1.082,3.88,0
1001004036720,6091200100441020086,16.1525,0.0679501124119862,10.5519,-0.71431,2.41,0,6091200100441,53990.4653040161,1.52,30,1005.98,3008.76,13768.400391,36,0,12.2,1.034,3.79,0
1001004036720,6091800100411025783,16.948321,0.0794808793521957,10.55203,-0.714,2.34,0,6091800100411,53996.2717038426,1.34,30,960.957,3077.69,6972.299805,32,0,-10,1.04,3.61,0
1001004036720,6091800100421025940,16.883401,0.078208102475059,10.55188,-0.71434,2.54,0,6091800100421,53996.278849572,1.31,30,961.853,3057.56,7411.399902,38,0,-79.1,1.126,3.56,0
1001004036720,6091800100431025994,16.902825,0.0784766762374038,10.55205,-0.714,2.28,0,6091800100431,53996.2860042132,1.29,30,949.249,3081.89,7314.899902,34,2,-48.9,1.124,3.59,0
1001004036720,6091800100441025366,16.892652,0.078203974639045,10.55197,-0.71408,2.54,0,6091800100441,53996.2931556134,1.27,30,973.337,3077.5,7412.899902,34,0,-35.2,1.112,3.39,0
1001004036720,6093000100411025778,16.883129,0.0784477227621035,10.55179,-0.71433,2.22,0,6093000100411,54008.2518592477,1.29,30,952.226,3073.05,7325.200195,33,0,-55.4,1.139,3.82,0
1001004036720,6093000100421025049,16.891385,0.0785237654487833,10.55191,-0.71422,2.23,0,6093000100421,54008.2615995486,1.26,30,952.139,3053.6,7298.200195,34,0,-34.7,1.136,3.47,0
1001004036720,6093000100431025006,16.901096,0.078749318658549,10.55207,-0.71404,2.25,0,6093000100431,54008.2713591782,1.24,30,942.83,3074.01,7219.100098,33,0,-73.4,1.052,3.79,0
1001004036720,6093000100441025364,16.875585,0.0782829240971198,10.55183,-0.71436,2.25,0,6093000100441,54008.2811116204,1.22,30,963.353,3068.71,7384.299805,36,2,-66.7,1.152,3.57,0
1001004036720,7012700100411017275,16.822088,0.0821516184674328,10.55188,-0.71416,2.22,0,7012700100411,54127.0860116781,1.49,25,1006.52,2996.32,6182.200195,24,0,-58.6,1.038,3.01,0
1001004036720,7012700100421017467,16.840804,0.0827314132700415,10.55173,-0.71432,2.56,0,7012700100421,54127.0942369677,1.55,25,1008.75,2976.46,6030.600098,24,0,-37.8,1.059,2.9,0
1001004036720,7012700100431017402,16.848946,0.0829277026541153,10.55181,-0.71423,2.4,0,7012700100431,54127.1024400346,1.62,25,998.926,2999.9,5980.700195,21,0,65.3,1.064,2.89,0
1001004036720,7012700100441017441,16.773363,0.0815427474543559,10.55184,-0.7142,2.17,0,7012700100441,54127.1106483215,1.7,25,1024.01,2996.2,6348.5,26,0,-31.9,1.087,2.96,0
1001004036720,7110700100411026117,16.543699,0.0734059521326019,10.55207,-0.71408,2.58,0,7110700100411,54411.1999479164,1.2,30,960.651,3093.66,9584.900391,38,0,-9.5,1.03,3.99,0
1001004036720,7110700100421026442,16.605717,0.07436875602451,10.55184,-0.71427,2.07,0,7110700100421,54411.2085258914,1.2,30,965.164,3064.96,9068.400391,37,0,-24.4,1.073,4.13,0
1001004036720,7110700100431026859,16.549553,0.0734658918213423,10.55205,-0.714,2.06,0,7110700100431,54411.2171184491,1.2,30,954.866,3085.97,9551.299805,43,0,-12.9,1.165,4.19,0
1001004036720,7110700100441026719,16.604494,0.0744008512586,10.55185,-0.71433,2.16,0,7110700100441,54411.2257084604,1.21,30,978.773,3077.72,9052,42,0,-78.8,1.057,4.14,0
1001004036720,7111700100411024319,16.71382,0.0761668395204651,10.55186,-0.71429,2.23,0,7111700100411,54421.2566506597,1.35,30,1029.74,2992.19,8221.5,40,0,-39,1.159,3.85,0
1001004036720,7111700100421023443,16.664228,0.0754813501214935,10.55187,-0.71427,2.31,0,7111700100421,54421.2658612961,1.4,30,1033.94,2966.31,8527.900391,32,0,1.3,1.053,3.89,0
1001004036720,7111700100431023549,16.440244,0.0719297910600794,10.55183,-0.71427,2.31,0,7111700100431,54421.2751247222,1.45,30,1091.41,2988.44,10480.400391,39,0,-32.9,1.084,3.7,0
1001004036720,7111700100441023120,16.248807,0.0693597349326142,10.55183,-0.7143,2.34,0,7111700100441,54421.2843092014,1.51,30,1112.69,2983.66,12424.599609,43,2,-53.1,1.104,4.11,0
1001004036720,7100400100411025934,16.183404,0.0680685146831479,10.55194,-0.71408,2.82,0,7100400100411,54377.2894126275,1.2,30,996.456,3128.41,13646.200195,55,0,-57.2,1.05,4.01,0
1001004036720,7100400100421025843,16.275328,0.0692149197063039,10.55193,-0.71401,2.69,0,7100400100421,54377.2977509955,1.2,30,997.741,3106.71,12552.200195,46,0,-36.5,1.119,4.26,0
1001004036720,7100400100431025601,16.287673,0.0693302501667702,10.55206,-0.71404,2.54,0,7100400100431,54377.3060823148,1.2,30,986.545,3128.07,12450.400391,47,0,-38.4,1.085,4.21,0
1001004036720,7100400100441025497,16.312486,0.0697485223512231,10.55205,-0.71391,2.2,0,7100400100441,54377.314385972,1.2,30,1009.93,3120.94,12092.700195,47,0,-9.1,1.177,4.28,0
1001004036720,7101200100411027803,16.428036,0.0711207812635338,10.55191,-0.71422,2.27,0,7101200100411,54385.1983033218,1.38,30,997.529,3080.33,11033.400391,44,0,1.9,1.072,4.21,0
1001004036720,7101200100421026863,16.444621,0.0712737358568608,10.55191,-0.71438,2.68,0,7101200100421,54385.2057886575,1.34,30,993.905,3061.92,10925.099609,46,0,-49.9,1.037,4.29,0
1001004036720,7101200100431027021,16.464191,0.0714968867543983,10.55206,-0.71405,2.69,0,7101200100431,54385.2132449304,1.31,30,982.883,3084.23,10770.299805,49,0,-28.4,1.133,4.13,0
1001004036720,7101200100441027385,16.433575,0.0709968431786775,10.55181,-0.71427,2.72,0,7101200100441,54385.2206453011,1.29,30,1007.88,3079.76,11122.5,51,2,-45.1,1.154,4.07,0
1001004036720,7101900100411026425,16.969005,0.0802237365690942,10.55199,-0.71398,2.73,0,7101900100411,54392.2468113196,1.2,30,1023.66,3100.72,6736,34,0,-37.6,1.142,3.57,0
1001004036720,7101900100421026923,17.00524,0.0809823132576178,10.5519,-0.71427,2.46,0,7101900100421,54392.2533898843,1.2,30,1025.65,3080.12,6508.399902,38,0,7.7,1.185,3.69,0
1001004036720,7101900100431027510,17.015827,0.0811786894393068,10.55197,-0.71399,2.58,0,7101900100431,54392.2599649769,1.2,30,1015.72,3101.86,6451.600098,38,0,-51.3,1.057,3.73,0
1001004036720,7101900100441026802,16.925964,0.0793832560381621,10.55199,-0.71393,2.51,0,7101900100441,54392.2665414698,1.2,30,1037.41,3097.28,7004.399902,40,0,-28.2,1.193,3.57,0
1001004036720,7103100100411024820,16.945947,0.0802127352326431,10.55188,-0.71416,2.27,0,7103100100411,54404.2414615857,1.2,30,911.9,3015.78,6739.399902,33,0,-6,1.086,3.54,0
1001004036720,7103100100421024465,16.892264,0.0791714932390022,10.55189,-0.71421,2.33,0,7103100100421,54404.2501210417,1.21,30,911.979,2992.68,7074.899902,33,0,-48,1.142,3.63,0
1001004036720,7103100100431023676,16.881238,0.0789515744835013,10.55192,-0.71412,2.22,0,7103100100431,54404.2565756482,1.22,30,900.005,3015.05,7149.399902,31,2,-12.9,1.207,3.62,0
1001004036720,7103100100441023634,16.854232,0.0786031307034936,10.55186,-0.71422,2.51,0,7103100100441,54404.2630248149,1.23,30,923.815,3010.19,7270.200195,34,0,-24.2,1.081,3.5,0
1001004036720,7090200100411020590,16.69775,0.076841382864762,10.55195,-0.7142,2.35,0,7090200100411,54345.4759362382,1.41,30,960.674,2917.04,7937.799805,30,0,-18.7,1.127,3.32,0
1001004036720,7090200100421020201,16.611567,0.0753586376196574,10.55189,-0.7142,2.56,0,7090200100421,54345.4791295719,1.43,30,962.444,2898.95,8584.799805,36,2,-77.9,1.151,3.21,0
1001004036720,7090200100431020415,16.574346,0.0748082943206364,10.5518,-0.71424,2.99,0,7090200100431,54345.4823409491,1.45,30,951.391,2925.3,8848.099609,32,0,-40.4,1.231,3.12,0
1001004036720,7090200100441020594,16.729626,0.0775709183056357,10.55197,-0.71409,2.07,0,7090200100441,54345.4855480557,1.47,30,972.906,2923.13,7649.200195,32,0,1.3,1.129,3.41,0
1001004036720,7090800100411028700,16.445285,0.0727552220027281,10.55187,-0.71428,2.25,0,7090800100411,54351.4132407638,1.24,30,964.05,3024.88,9963,47,0,-25.4,1.116,4.39,0
1001004036720,7090800100421015460,17.47843,0.238888133972102,10.55197,-0.71394,3.72,0,7090800100421,54351.4197160881,1.26,30,964.73,3004.73,507.399994,6,0,4.9,1.618,0.92,0
1001004036720,7091200100411027405,16.819857,0.0785229184573534,10.552,-0.71404,2.64,0,7091200100411,54355.26296794,1.48,30,1030.87,3192.97,7298.5,39,0,-48.9,1.084,3.67,0
1001004036720,7091200100421027346,16.847598,0.0789360766297314,10.55215,-0.7141,2.38,0,7091200100421,54355.2694033333,1.44,30,1030.37,3173.08,7154.700195,39,0,-5.5,1.126,3.64,0
1001004036720,7091200100431028201,16.911926,0.0801234533368606,10.55208,-0.71395,2.35,0,7091200100431,54355.2758483333,1.4,30,1016.47,3195.24,6767.100098,35,0,1.9,1.053,3.65,0
1001004036720,7091200100441028408,16.855697,0.0789428002033772,10.55203,-0.71413,2.67,0,7091200100441,54355.28228522,1.37,30,1039.37,3191.74,7152.399902,37,0,-43.8,1.253,3.85,0
1001004036720,8010100100411021818,16.500921,0.0720361467675306,10.55184,-0.71431,2.52,0,8010100100411,54466.1138411341,1.28,30,1010.1,2975.21,10411.200195,43,0,-44.7,1.114,3.66,0
1001004036720,8010100100421022092,16.543867,0.0727148343371749,10.55188,-0.71424,2.57,0,8010100100421,54466.1203311575,1.3,30,1015.4,2955.32,9987.299805,38,0,-33.7,1.065,3.47,0
1001004036720,8010100100431022477,16.539299,0.0726951160131969,10.5518,-0.71433,2.58,0,8010100100431,54466.126810648,1.32,30,1003.26,2977.23,9999.200195,42,0,-37.1,1.089,3.7,0
1001004036720,8010100100441022320,16.59658,0.0735866680038082,10.55183,-0.71437,2.71,0,8010100100441,54466.1332798265,1.35,30,1030.13,2973.1,9484.200195,44,0,-51.1,1.187,3.7,0
1001004036720,8011200100411024651,16.791912,0.0770582541093812,10.55191,-0.71424,2.18,0,8011200100411,54477.0932165855,1.31,30,1011.46,3034.61,7850.100098,31,0,26.1,1.094,3.55,0
1001004036720,8011200100421024786,16.718817,0.0758333197923736,10.55191,-0.71429,2.23,0,8011200100421,54477.098557014,1.33,30,1012.34,3016.12,8368.200195,37,0,-10.1,1.127,3.7,0
1001004036720,8011200100431024811,16.832274,0.0778155238014792,10.55185,-0.71426,2.24,0,8011200100431,54477.1038815854,1.35,30,1003.87,3039.29,7556.399902,32,0,-13.1,1.097,3.77,0
1001004036720,8011200100441023666,16.786626,0.0769826147028196,10.55184,-0.71429,2.32,0,8011200100441,54477.1092592822,1.38,30,1026.77,3035.88,7880.5,35,0,-69.9,1.101,3.7,0
1001004036720,8110800100411021019,16.714591,0.0751298959451001,10.55182,-0.71436,2.76,0,8110800100411,54778.2344692131,1.22,30,1009.91,2984.59,8692.599609,35,0,-70.7,1.103,3.27,0
1001004036720,8110800100421020638,16.856336,0.0775923293347381,10.55189,-0.71419,2.47,0,8110800100421,54778.2478354978,1.25,30,1008.89,2958.79,7641,28,0,-2.2,1.193,3.24,0
1001004036720,8110800100431020706,16.711176,0.0751393481110244,10.55188,-0.71424,2.43,0,8110800100431,54778.26119103,1.28,30,996.51,2975.41,8688.099609,33,0,-75.3,1.103,3.12,0
1001004036720,8110800100441019784,16.854472,0.0776952240725674,10.55175,-0.71425,2.58,0,8110800100441,54778.2747121877,1.33,30,1022.4,2964.46,7601.799805,26,0,-18,1.079,2.84,0
1001004036720,8100800100411023561,16.468657,0.0709007851652893,10.55189,-0.71426,3.23,0,8100800100411,54747.2830084604,1.2,30,909.914,3062.09,11192.400391,51,0,-56.2,1.107,3.62,0
1001004036720,8100800100421024562,16.49025,0.0712407537654866,10.5519,-0.71424,3.04,0,8100800100421,54747.290241227,1.2,30,909.387,3039.52,10948.299805,54,0,-60.1,1.099,3.65,0
1001004036720,8100800100431024708,16.500488,0.0714310239455597,10.55189,-0.71426,2.95,0,8100800100431,54747.2975224885,1.2,30,899.495,3059.81,10815.599609,49,0,-77.3,1.159,3.74,0
1001004036720,8100800100441025428,16.513856,0.0715783705556598,10.55183,-0.71421,2.93,0,8100800100441,54747.3048742479,1.21,30,921.324,3052.81,10714.700195,52,0,-58.5,1.133,3.79,0
1001004036720,8102900100411021527,16.34442,0.0702165173199608,10.55186,-0.71428,2.91,0,8102900100411,54768.3492877083,1.64,30,1010.13,2941.18,11712.700195,45,0,-59.4,1.092,3.72,0
1001004036720,8102900100421021709,16.337675,0.0701836779724343,10.55186,-0.71437,3.13,0,8102900100421,54768.3548509493,1.7,30,1008.45,2920.8,11738.700195,49,0,-68.5,1.122,3.8,0
1001004036720,8102900100431020889,16.321696,0.0699937675513532,10.55196,-0.71425,2.65,0,8102900100431,54768.3603879167,1.76,30,997.114,2944.47,11891,44,0,-0.5,1.071,3.55,0
1001004036720,8102900100441025111,16.428295,0.0710684121571165,10.55192,-0.7143,2.63,0,8102900100441,54768.3659995371,1.83,30,1019.46,2941.85,11070.900391,37,0,-39.4,1.063,3.64,0
1001004036720,8090600100411025987,16.472523,0.0718548978128105,10.55191,-0.71393,3.26,0,8090600100411,54715.3105984489,1.3,30,1057.91,3134.67,10529.599609,53,0,-43.7,1.115,3.95,0
1001004036720,8090600100421026230,16.438463,0.0713575748470593,10.55204,-0.71405,3.39,0,8090600100421,54715.3170392709,1.28,30,1054.23,3113.24,10866.5,60,2,-54.8,1.134,3.92,0
1001004036720,8090600100431026533,16.529665,0.0726562945326104,10.55202,-0.71385,2.93,0,8090600100431,54715.3234919095,1.26,30,1045.8,3135.02,10022.700195,50,2,-63.8,1.149,3.88,0
1001004036720,8090600100441027266,16.468687,0.0717321334645137,10.55217,-0.71395,3.23,0,8090600100441,54715.3299499885,1.25,30,1068.12,3130.32,10611.099609,56,2,-62.4,1.211,3.93,0
1001004036720,8092000100411019849,16.849534,0.0785565827882579,10.55194,-0.71405,2.63,0,8092000100411,54729.3765749652,1.24,30,1048.87,3063.11,7286.600098,33,0,-28.8,1.138,2.98,0
1001004036720,8092000100421019778,16.801875,0.0776968049546651,10.55192,-0.71417,3.1,0,8092000100421,54729.3839573958,1.25,30,1049.71,3042,7601.200195,33,0,-71.4,1.169,2.99,0
1001004036720,8092000100431020149,16.912103,0.0798794444583359,10.5519,-0.71409,2.59,0,8092000100431,54729.3913169098,1.27,30,1041.75,3054.77,6843.799805,29,0,60.8,1.035,3.15,0
1001004036720,8092000100441020263,16.801291,0.0776823120410518,10.55194,-0.71426,3.19,0,8092000100441,54729.3987032641,1.3,30,1063.47,3058.29,7606.700195,33,0,80,1.1,2.9,0
1001004036720,8092900100411031171,16.726205,0.0749988455316767,10.55211,-0.71398,3.05,0,8092900100411,54738.3189181481,1.2,30,949.371,3120,8755.400391,43,2,-73.2,1.125,3.61,0
1001004036720,8092900100421031137,16.598061,0.072987456107252,10.5521,-0.71397,2.92,0,8092900100421,54738.3255301621,1.2,30,951.37,3098.08,9825.200195,58,2,-56.9,1.145,3.63,0
1001004036720,8092900100431031579,16.711437,0.0748264405344663,10.55204,-0.71401,3.01,0,8092900100431,54738.332083391,1.21,30,940.915,3119.69,8839.200195,45,2,-79.7,1.096,3.73,0
1001004036720,8092900100441031758,16.76834,0.0758017872214304,10.55205,-0.71391,2.95,0,8092900100441,54738.3387176273,1.22,30,965.055,3113.38,8382.299805,44,0,89.6,1.106,3.61,0
1001004036720,9083000100411031735,16.894369,0.0916593993969495,10.55195,-0.71408,2.52,0,9083000100411,55073.3243239817,1.34,20,927.821,3170.4,4308.399902,24,0,-17.5,1.129,3.18,0
1001004036720,9083000100421025512,16.726412,0.0887765962188406,10.55203,-0.71415,2.52,0,9083000100421,55073.3282053123,1.32,20,927.486,3151.13,4762.5,32,0,-42.8,1.3,3.12,0
1001004036720,9083000100431025277,16.882609,0.0951335025492221,10.55207,-0.71405,2.24,0,9083000100431,55073.3321411574,1.31,20,917.539,3174.5,3851.399902,27,0,7.3,1.081,3.06,0
1001004036720,9083000100441024337,16.927595,0.0983943776701655,10.55215,-0.71396,2.33,0,9083000100441,55073.3359390508,1.29,20,938.088,3171.26,3492.5,25,2,-1.5,1.18,3.04,0
1001004036720,9121600100411026384,16.175668,0.0687195220607711,10.55183,-0.71426,2.68,0,9121600100411,55181.0936978241,1.2,30,940.801,3093.89,13006,48,2,-31,1.123,3.86,0
1001004036720,9121600100421027050,16.200926,0.0679859669909891,10.55186,-0.71429,2.78,0,9121600100421,55181.0993971992,1.2,30,943.347,3012.22,13731.200195,49,2,-52.3,1.126,3.89,0
1001004036720,9121600100431027190,16.2843,0.0691262853189408,10.55187,-0.71428,2.66,0,9121600100431,55181.1176587963,1.21,30,934.416,3018.68,12631.400391,51,2,-55.7,1.021,3.78,0
1001004036720,9121600100441027482,16.322814,0.0696420311135232,10.5518,-0.71424,2.75,0,9121600100441,55181.1234183451,1.21,30,957.601,3088.82,12182.099609,52,2,-61.9,1.084,3.83,0
1001004036720,9073100100411027324,16.986686,0.092995845099598,10.55188,-0.71424,2.12,0,9073100100411,55043.4087364582,1.33,20,926.869,3012.26,4122.200195,29,0,-45.7,1.117,3.55,0
1001004036720,9073100100421027183,16.872531,0.0897229385156157,10.55182,-0.71432,2.43,0,9073100100421,55043.4151061109,1.3,20,932.445,2990.26,4604.799805,34,0,-62.6,1.083,3.41,0
1001004036720,9073100100431027806,16.789416,0.087708037122289,10.55186,-0.71432,2.24,0,9073100100431,55043.4214540163,1.28,20,918.906,3011.32,4951.899902,33,0,-65.7,1.121,3.62,0
1001004036720,9073100100441026564,16.658243,0.0842998783426313,10.55183,-0.71432,2.32,0,9073100100441,55043.4279483796,1.26,20,941.937,3005.76,5650.600098,36,2,-85.8,1.054,3.57,0
1001004036720,9111800100411030607,16.813366,0.0781603068666853,10.55202,-0.71401,2.43,0,9111800100411,55153.1413448034,1.23,30,875.721,3158.83,7428.799805,32,0,-50.8,1.189,3.69,0
1001004036720,9111800100421030159,16.855807,0.0789808672883349,10.55192,-0.71412,2.72,0,9111800100421,55153.1485617361,1.22,30,876.848,3092.34,7139.399902,36,0,-1.9,1.148,3.49,0
1001004036720,9111800100431030716,16.874864,0.0792939065528485,10.552,-0.71412,2.53,0,9111800100431,55153.1558535416,1.21,30,868.276,3144.73,7034,36,2,-55.1,1.148,3.55,0
1001004036720,9111800100441030447,16.871511,0.0792356924386201,10.55208,-0.71395,2.33,0,9111800100441,55153.1630798611,1.2,30,890.139,3099.56,7053.399902,38,0,-8.2,1.216,3.47,0
1001004036720,9100900100411024178,16.823689,0.0788009432753395,10.55204,-0.71425,3.35,0,9100900100411,55113.2620953242,1.21,30,995.874,3048.61,7201.200195,38,0,-20.6,1.236,2.67,0
1001004036720,9100900100421025182,16.94887,0.0811779938445221,10.55174,-0.7143,2.67,0,9100900100421,55113.2692707987,1.21,30,994.293,3031.06,6451.799805,31,0,-13.1,1.181,3.08,0
1001004036720,9100900100431025136,16.955915,0.081273772688836,10.55189,-0.71419,2.83,0,9100900100431,55113.2765315971,1.2,30,987.671,3051.59,6424.399902,31,2,-42.2,1.027,2.83,0
1001004036720,9100900100441025265,16.810953,0.0783729923622273,10.55182,-0.71425,2.98,0,9100900100441,55113.2837664699,1.2,30,1008.1,3044.18,7351.899902,39,2,-56,1.322,3,0
1001004036720,9091000100411025296,16.955099,0.0921139055614094,10.5518,-0.71433,2.19,0,9091000100411,55084.4088475347,1.25,20,914.975,2979.03,4243.5,25,0,-45.7,1.05,3.17,0
1001004036720,9091000100421024865,16.922421,0.0910947988108636,10.55187,-0.71437,2.27,0,9091000100421,55084.4147910068,1.26,20,913.545,2957.87,4391.399902,23,0,-32.2,1.206,3.01,0
1001004036720,9091000100431024882,16.870095,0.0899573667861732,10.5519,-0.71436,2.24,0,9091000100431,55084.4206201506,1.28,20,905.124,2979.93,4567.100098,24,0,-12.8,1.203,3.08,0
1001004036720,9091000100441024867,16.891412,0.0906090864401881,10.55175,-0.71443,2.55,0,9091000100441,55084.4265571294,1.3,20,928.472,2974.5,4465,26,0,-58.9,1.286,2.93,0
1001004036720,10110600100411033787,16.638294,0.0689571591022188,10.55185,-0.71426,2.94,0,10110600100411,55506.2823105094,1.34,45,1043.5,2910.06,12784.900391,49,0,-36.9,1.152,3.82,0
1001004036720,10110600100431033228,16.303898,0.0651465987269193,10.55184,-0.71419,2.43,0,10110600100431,55506.3004764582,1.43,45,1026.72,2909.57,17313.800781,59,2,-77.6,1.049,4.33,0
1001004036720,10110600100441033160,16.208705,0.064235761950571,10.55185,-0.7143,3.08,0,10110600100441,55506.3095776618,1.48,45,1062.51,2901.94,18813.800781,55,0,-79.3,1.119,4.18,0
1001004036720,10111400100411030175,16.216593,0.0694326304521773,10.55183,-0.71426,2.53,0,10111400100411,55514.217720984,1.22,30,986.054,3091.02,12361.200195,54,0,61,1.036,4.23,0
1001004036720,10111400100431030122,16.353866,0.0713204244876157,10.55188,-0.71414,2.13,0,10111400100431,55514.2326157638,1.25,30,975.682,3094.62,10892.400391,46,2,-39.9,1.116,4.14,0
1001004036720,10111400100441029504,16.308357,0.0707281706736165,10.55183,-0.71424,2.45,0,10111400100441,55514.2401355901,1.27,30,1010.91,3086.75,11319.900391,44,0,85.8,1.061,4.12,0
1001004036720,10113000100411032532,16.763543,0.0773284900455134,10.55182,-0.71434,3.52,0,10113000100411,55530.1528441319,1.2,30,987.011,3120.86,7743.100098,46,0,75.1,1.039,3.19,0
1001004036720,10113000100431033369,16.873256,0.0794546498657652,10.55182,-0.7143,3.19,0,10113000100431,55530.1670309836,1.21,30,972.225,3121.57,6980.899902,37,0,-63.2,1.276,3.42,0
1001004036720,10113000100441032855,16.890027,0.0797696337104397,10.55178,-0.71417,2.97,0,10113000100441,55530.1742304168,1.22,30,1007.26,3114.01,6878.799805,35,0,-46.6,1.18,3.22,0
1001004036720,10102800100411030703,16.654648,0.0760920840262581,10.55181,-0.71418,2.48,0,10102800100411,55497.2241540277,1.2,30,1050.88,3013.74,8254,40,0,-83.5,1.179,3.65,0
1001004036720,10102800100431030231,16.513521,0.0738248402958563,10.55188,-0.71412,2.54,0,10102800100431,55497.2380451271,1.2,30,1034.78,3015.28,9354.200195,40,0,-22,1.258,3.56,0
1001004036720,10102800100441030439,16.389404,0.0718731098939945,10.55183,-0.71414,2.52,0,10102800100441,55497.2449777429,1.2,30,1067.17,3008.17,10517.599609,46,2,-62.2,1.062,3.76,0
1001004036720,10091700100411026397,16.36792,0.0758169831512926,10.55182,-0.71425,2.51,0,10091700100411,55456.3050141551,1.24,22,888.248,3089.72,8375.5,43,2,-53.5,1.096,3.64,0
1001004036720,10091700100431027525,16.404249,0.0764366202471017,10.55185,-0.71438,2.5,0,10091700100431,55456.3176558216,1.22,22,870.718,3091.53,8106,43,0,-50.9,1.055,3.89,0
1001004036720,10091700100441028110,16.423778,0.076257908671422,10.55179,-0.71427,2.5,0,10091700100441,55456.3244454053,1.21,22,906.196,3084.99,8182.200195,42,2,-20.4,1.136,3.76,0
1001004036720,11011600100411021342,16.61869,0.0831288038236893,10.55194,-0.71428,3.4,0,11011600100411,55577.1166038655,1.49,22,948.372,3020.59,5930.299805,27,0,89.5,1.245,3.03,0
1001004036720,11011600100421021477,16.61829,0.0831759020562926,10.55186,-0.71415,2.94,0,11011600100421,55577.1243720718,1.55,22,951.463,2991.03,5918.600098,27,0,88.2,1.198,2.84,0
1001004036720,11011600100431021389,16.555018,0.0819837692936197,10.55177,-0.71434,3.79,0,11011600100431,55577.1320800118,1.62,22,936.498,3024.49,6227.299805,33,0,-74.5,1.173,2.74,0
1001004036720,11011600100441020639,16.518501,0.0813540017375516,10.5519,-0.71393,3.13,0,11011600100441,55577.1398250579,1.69,22,970.875,3019.29,6401.600098,33,2,-69.9,1.563,2.73,0
1001004036720,11012700100411028653,16.94023,0.0923531601831092,10.55193,-0.71411,2.78,0,11012700100411,55588.0871553935,1.49,20,1027.39,3031.32,4210,28,0,-61.3,1.189,2.94,0
1001004036720,11012700100421027589,16.91218,0.0924584471858999,10.55181,-0.71418,3.14,0,11012700100421,55588.0935594213,1.54,20,1029.48,3003.06,4195.399902,33,0,-62.2,1.236,2.71,0
1001004036720,11012700100431028089,16.867455,0.0913659703746184,10.55193,-0.71411,2.56,0,11012700100431,55588.0999321297,1.6,20,1015.81,3038.01,4351.200195,30,0,10.1,1.049,2.94,0
1001004036720,11012700100441026585,16.799345,0.0895766119894315,10.55173,-0.71412,3.4,0,11012700100441,55588.106290972,1.66,20,1051.01,3033.24,4628.600098,37,0,-38.6,1.18,2.58,0
1001004036720,11070100100411028696,16.875366,0.0844102299059015,10.55206,-0.71395,2.76,0,11070100100411,55743.424185602,1.85,30,949.135,3182.99,5625.399902,37,2,-65.6,1.298,3.35,0
1001004036720,11070100100421027770,16.914134,0.0852128948836044,10.55204,-0.71396,2.46,0,11070100100421,55743.4305964816,1.77,30,950.017,3154.72,5447.700195,36,0,-48.2,1.217,3.41,0
1001004036720,11070100100431028958,16.787273,0.082163982955921,10.55207,-0.71394,2.68,0,11070100100431,55743.4369447106,1.69,30,932.545,3189.43,6178.899902,39,0,-69.6,1.021,3.48,0
1001004036720,11070100100441028784,16.683489,0.0797646361635789,10.55205,-0.71394,2.85,0,11070100100441,55743.443355347,1.63,30,966.576,3182.37,6880.399902,35,0,-76.3,1.067,3.49,0
1001004036720,11091800100411026888,16.920466,0.0796666530873216,10.55222,-0.71414,2.83,0,11091800100411,55822.4572076504,1.58,30,1070.57,2925.25,6911.899902,29,2,-39.4,1.242,2.73,0
1001004036720,11091800100421025756,16.967517,0.0807908532467995,10.55215,-0.71412,3.01,0,11091800100421,55822.4646300348,1.65,30,1071.68,2894.89,6564.600098,28,0,-29.8,1.138,2.74,0
1001004036720,11091800100431026309,16.99955,0.0815094977689496,10.55207,-0.71403,3.12,0,11091800100431,55822.4721022337,1.73,30,1056.34,2929.06,6357.799805,23,0,6.8,1.274,2.7,0
1001004036720,11091800100441026002,16.874202,0.0791358049680025,10.55208,-0.71407,3.01,0,11091800100441,55822.4795672107,1.82,30,1092.59,2924.56,7086.899902,25,0,-0.2,1.21,2.74,0
1001004036720,11092100100411032279,16.972688,0.0746056997529727,10.55183,-0.71429,3.16,0,11092100100411,55825.3113669212,1.22,40,975.102,3130.17,8948.5,35,2,-21.7,1.203,3.28,0
1001004036720,11092100100421032640,16.941206,0.0740728771842527,10.55184,-0.71422,3.05,0,11092100100421,55825.3195399189,1.21,40,976.693,3097.74,9222,35,2,-27.7,1.151,3.32,0
1001004036720,11092100100431032069,16.937253,0.074031182760947,10.55183,-0.71436,3.13,0,11092100100431,55825.327624271,1.2,40,960.364,3128.08,9244,38,2,-22.9,1.223,3.34,0
1001004036720,11092100100441032893,16.906594,0.0735389776643714,10.55186,-0.7143,2.92,0,11092100100441,55825.335895486,1.2,40,993.678,3119.36,9510.599609,41,2,-37.1,1.177,3.39,0
1001004036720,11102800100411029837,16.836391,0.0784583970950622,10.5518,-0.71426,2.45,0,11102800100411,55862.1671197452,1.32,30,1038.14,3076.75,7321.399902,38,0,-16.2,1.127,3.39,0
1001004036720,11102800100421029790,16.849408,0.0786273265028407,10.55188,-0.71425,2.42,0,11102800100421,55862.173925648,1.3,30,1041.03,3045.67,7261.700195,37,2,-33.4,1.087,3.29,0
1001004036720,11102800100431028997,16.929348,0.0801475656309075,10.55182,-0.7143,2.81,0,11102800100431,55862.1807499654,1.28,30,1021.46,3078.18,6759.600098,36,0,-26.6,1.303,3.21,0
1001004036720,11102800100441029929,16.866432,0.0790122869761384,10.55183,-0.71429,2.58,0,11102800100441,55862.1875712499,1.26,30,1057.52,3070,7128.700195,29,0,-32.2,1.141,3.46,0
1001004036720,11111600100411033719,16.427427,0.0714788107418162,10.55179,-0.71434,2.93,0,11111600100411,55881.1718333219,1.2,30,994.839,3018.62,10782.700195,51,0,-12.8,1.213,3.62,0
1001004036720,11111600100421035434,16.485411,0.0724963771314898,10.55179,-0.71431,2.33,0,11111600100421,55881.1768831136,1.2,30,996.751,2989.51,10120.5,45,0,-8.6,1.108,4.06,0
1001004036720,11111600100431036268,16.426179,0.0715748392878985,10.55182,-0.71435,2.3,0,11111600100431,55881.1820046529,1.2,30,978.677,3022.19,10717.099609,43,2,-23,1.119,4.16,0
1001004036720,11111600100441035578,16.522927,0.0730199110958299,10.5518,-0.71427,2.29,0,11111600100441,55881.1870749188,1.2,30,1012.17,3016.23,9806.200195,41,2,-1.4,1.203,4.14,0
1001004036720,11101500100411026955,16.645358,0.0750283380944246,10.55185,-0.71427,2.22,0,11101500100411,55849.2973724189,1.22,30,927.117,3002.73,8741.200195,27,0,11.4,1.232,3.22,0
1001004036720,11101500100421026130,16.728975,0.076506574353919,10.5518,-0.71424,2.08,0,11101500100421,55849.3058241089,1.23,30,929.098,2969.51,8076.5,27,2,15.1,1.075,3.43,0
1001004036720,11101500100431026491,16.709375,0.0762221354016301,10.55186,-0.71429,2.29,0,11101500100431,55849.314294375,1.25,30,914.597,3001,8197.599609,24,0,-17.1,1.111,3.35,0
1001004036720,11101500100441026221,16.660088,0.0754348190264981,10.55187,-0.71434,2.43,0,11101500100441,55849.3227679399,1.27,30,949.397,2991.38,8549.400391,29,0,-22.3,1.118,3.11,0
1001004036720,11112800100411037071,16.209327,0.0686672569568347,10.55183,-0.71428,2.24,0,11112800100411,55893.1624096874,1.2,30,840.14,3061.19,13055.5,40,2,-0.4,1.17,4.22,0
1001004036720,11112800100421036696,16.229062,0.0689246165309237,10.55182,-0.71436,2.37,0,11112800100421,55893.1675757757,1.21,30,841.823,3031.52,12814.799805,44,0,-10.6,1.091,4.07,0
1001004036720,11112800100431037079,16.191556,0.0684657234256458,10.55185,-0.71435,2.29,0,11112800100431,55893.1727850577,1.21,30,824.79,3065.14,13249.400391,43,2,75,1.005,4.19,0
1001004036720,11112800100441037043,16.286487,0.0696877285393958,10.55185,-0.71434,2.34,0,11112800100441,55893.1779485531,1.22,30,861.805,3059.85,12143.599609,37,0,3.4,1.15,4.19,0
1001004036720,12091400100411035013,16.903975,0.0810607890623491,10.55175,-0.71432,2.42,0,12091400100411,56184.3457543287,1.2,30,980.549,3098.75,6485.600098,37,0,-74.1,1.113,3.85,0
1001004036720,12091400100421035280,16.790711,0.0788437932277897,10.55187,-0.71424,2.15,0,12091400100421,56184.3524640394,1.2,30,980.568,3067.14,7186.399902,45,2,-43.4,1.189,3.91,0
1001004036720,12091400100431035269,16.89511,0.0808240396975875,10.55178,-0.71435,2.35,0,12091400100431,56184.3592117708,1.2,30,965.42,3098.87,6554.799805,39,0,-72,1.188,3.75,0
1001004036720,12091400100441035218,16.872245,0.0803830156967889,10.55182,-0.71433,2.27,0,12091400100441,56184.3658692706,1.2,30,998.527,3090.07,6687.100098,37,0,-48.5,1.028,3.94,0
1001004036720,12092100100411031533,16.44907,0.0732214464163844,10.55185,-0.71427,2.74,0,12092100100411,56191.32848603,1.2,30,881.08,3026.2,9689.599609,44,0,-8.2,1.226,3.96,0
1001004036720,12092100100421032926,16.428116,0.0730062328349355,10.55179,-0.71434,2.56,0,12092100100421,56191.334087824,1.2,30,881.476,3001.56,9814.200195,47,0,-40.7,1.139,4.01,0
1001004036720,12092100100431033739,16.446036,0.073284853969939,10.55184,-0.71427,2.28,0,12092100100431,56191.3397517707,1.2,30,864.701,3035.19,9653.400391,45,2,-44.9,1.166,4.26,0
1001004036720,12092100100441032692,16.466124,0.0736409557719098,10.55185,-0.71433,2.63,0,12092100100441,56191.3454396874,1.2,30,899.284,3028.45,9454.299805,45,0,-24.7,1.216,3.85,0
1001004036720,12100600100411031461,16.186606,0.0692269673325675,10.55181,-0.71434,2.14,0,12100600100411,56206.3400118752,1.25,30,1130.66,3002.99,12541.5,36,0,78.7,1.01,4.34,0
1001004036720,12100600100421031422,16.179914,0.0691528218348254,10.55185,-0.71426,2.09,0,12100600100421,56206.3467527432,1.27,30,1144.41,2971.03,12607.599609,36,2,-11.1,1.095,4.36,0
1001004036720,12100600100431031177,16.152254,0.0688927425621609,10.55186,-0.71429,2.32,0,12100600100431,56206.3535628012,1.29,30,1134.31,3004.66,12844.200195,43,0,-86.1,1.019,4.03,0
1001004036720,12100600100441030710,16.244931,0.0703880075522101,10.55182,-0.7143,2.08,0,12100600100441,56206.3603051738,1.31,30,1180.78,2996.74,11578.5,39,0,74.6,1.044,4.22,0
1001004036720,12102200100411030825,16.602456,0.0753459915075841,10.55177,-0.71434,2.75,0,12102200100411,56222.1950950115,1.28,30,905.567,3151.68,8590.700195,37,0,-48.8,1.212,3.48,0
1001004036720,12102200100421030866,16.573366,0.0748587334253552,10.55181,-0.71435,2.55,0,12102200100421,56222.200194479,1.26,30,913.782,3120.74,8823.400391,40,0,-73.2,1.057,3.59,0
1001004036720,12102200100431030845,16.677733,0.0766239737376226,10.55183,-0.71416,2.41,0,12102200100431,56222.2053000578,1.25,30,901.922,3155.4,8027.399902,35,2,3.6,1.102,3.71,0
1001004036720,12102200100441031528,16.656348,0.0762560478881109,10.5517,-0.71425,2.52,0,12102200100441,56222.2103967131,1.24,30,942.393,3149.04,8183,37,0,-28.4,1.164,3.65,0
1001004036720,12110400100411031769,16.958594,0.0816509340232229,10.55183,-0.71421,2.46,0,12110400100411,56235.1794470833,1.23,30,1203.46,3065.52,6318.399902,36,0,29.4,1.114,3.34,0
1001004036720,12110400100421032364,17.007646,0.0826818964903908,10.55179,-0.71431,2.35,0,12110400100421,56235.1884440854,1.21,30,1207.58,3041.7,6043.299805,28,0,48.3,1.131,3.35,0
1001004036720,12110400100431032793,16.928164,0.0810166752101208,10.55181,-0.71424,2.08,0,12110400100431,56235.1975034489,1.21,30,1190.04,3082.11,6498.399902,25,0,12.3,1.156,3.68,0
1001004036720,12110400100441031535,16.994283,0.0822712261426182,10.55178,-0.71427,2.65,0,12110400100441,56235.2066388773,1.2,30,1233.06,3082.61,6150.399902,30,0,-11.4,1.138,3.15,0
1001004036720,12121300100411033157,16.667249,0.0710072106810654,10.55181,-0.71435,2.85,0,12121300100411,56274.1061126854,1.2,40,1051.96,3065.49,11115,40,0,-42.1,1.166,3.85,0
1001004036720,12121300100421035099,16.669967,0.0711613475856238,10.55183,-0.71429,2.16,0,12121300100421,56274.1115166553,1.2,40,1051.6,3041.72,11004.5,37,0,-17.2,1.08,4.19,0
1001004036720,12121300100431035360,16.650141,0.0708441004659135,10.55186,-0.71427,2.08,0,12121300100431,56274.1169681133,1.2,40,1032.78,3081.37,11234,39,0,-22.5,1.072,4.13,0
1001004036720,12121300100441034751,16.635492,0.0706191549579252,10.55181,-0.71435,2.41,0,12121300100441,56274.1223989351,1.2,40,1063.48,3080.39,11401.700195,42,0,-52.2,1.051,3.81,0
1001004036720,13010400100411033377,16.880213,0.0801701114574065,10.55179,-0.71422,2.17,0,13010400100411,56296.0810566899,1.23,30,988.562,3064.57,6752.600098,34,2,-34,1.123,3.61,0
1001004036720,13010400100421032742,16.809369,0.0788313275443816,10.55179,-0.71426,2.1,0,13010400100421,56296.0880283564,1.24,30,986.63,3039.94,7190.700195,38,2,-25.2,1.136,3.71,0
1001004036720,13010400100431033396,16.930264,0.0812643031198622,10.55178,-0.7143,2.25,0,13010400100431,56296.0947152777,1.26,30,965.631,3080.25,6427.100098,34,0,-44.1,1.179,3.7,0
1001004036720,13010400100441031663,16.851869,0.0814368484976089,10.55176,-0.71431,2.11,0,13010400100441,56296.1014632988,1.27,30,1001.95,3078.81,6378.200195,28,0,-31,1.088,3.69,0
1001004036720,13090500100411034565,16.752826,0.0807638253734875,10.55179,-0.71436,2.85,0,13090500100411,56540.3015874885,1.36,30,951.087,3172.3,6572.600098,37,0,-55.9,1.168,3.59,0
1001004036720,13090500100421034936,16.855974,0.0826815069091083,10.55174,-0.71427,2.25,0,13090500100421,56540.3065721644,1.34,30,954.861,3145.65,6043.399902,30,0,-68.2,1.098,3.74,0
1001004036720,13090500100431035173,16.823762,0.0819663950968174,10.55178,-0.71434,2.57,0,13090500100431,56540.3115746067,1.32,30,938.538,3182.06,6232,34,0,-56.9,1.166,3.57,0
1001004036720,13090500100441035847,16.861588,0.0827368823953683,10.5518,-0.71429,2.37,0,13090500100441,56540.3165635532,1.3,30,972.869,3179.1,6029.200195,32,0,-44.8,1.153,3.5,0
1001004036720,13090600100412033962,16.391516,0.0746708563309439,10.55184,-0.71428,2.32,0,13090600100412,56541.3387648263,1.23,30,959.565,3087.01,8916,40,0,-22.5,1.203,4.04,0
1001004036720,13090600100422032557,16.421293,0.0753919286762487,10.55179,-0.71433,2.38,0,13090600100422,56541.3460652316,1.22,30,960.729,3060.04,8569.299805,40,0,-13.2,1.136,4.03,0
1001004036720,13090600100432035155,16.371421,0.0743959524331808,10.55178,-0.71432,2.28,0,13090600100432,56541.3534398959,1.21,30,947.899,3095.55,9054.5,43,2,-65.4,1.032,4.06,0
1001004036720,13090600100442034390,16.476121,0.0762516289160307,10.5518,-0.71431,2.14,0,13090600100442,56541.3608090626,1.21,30,980.909,3090.88,8184.899902,39,2,11.7,1.017,4.33,0
1001004036720,13091500100411030181,16.047435,0.0684398995411147,10.55179,-0.71438,2.55,0,13091500100411,56550.310421227,1.24,30,981.292,3051.29,13274.599609,44,0,-40.6,1.048,4.06,0
1001004036720,13091500100421030787,16.053858,0.0684562865093427,10.55178,-0.71435,2.3,0,13091500100421,56550.3154085535,1.23,30,984.84,3024.85,13258.599609,42,0,-53.6,1.068,4.26,0
1001004036720,13091500100431031191,16.111523,0.0692552962356873,10.55172,-0.71436,2.3,0,13091500100431,56550.3203333332,1.22,30,969.018,3062.56,12516.400391,37,0,-39.8,1.166,4.3,0
1001004036720,13091500100441031468,16.116296,0.0691979482996252,10.55175,-0.71432,2.29,0,13091500100441,56550.3253666088,1.22,30,1002.57,3058.68,12567.299805,43,2,-65.1,1.079,4.17,0
1001004036720,13092500100411033148,16.836947,0.0788237979354093,10.55176,-0.71432,2.01,0,13092500100411,56560.2744005788,1.26,30,1004.84,3035.62,7193.299805,38,0,-43.5,1.223,3.7,0
1001004036720,13092500100421032759,16.934423,0.0806874379514434,10.55182,-0.71434,2.46,0,13092500100421,56560.2827851735,1.24,30,1010.51,3023.27,6595.299805,26,0,-44.4,1.056,3.34,0
1001004036720,13092500100431033185,16.999436,0.0820048680652987,10.55179,-0.7143,2.24,0,13092500100431,56560.2911193748,1.23,30,1002.39,3040.59,6221.600098,26,0,-74.3,1.093,3.64,0
1001004036720,13092500100441031588,16.932758,0.0806011568709186,10.55176,-0.71434,2.17,0,13092500100441,56560.2996307174,1.21,30,1024.31,3039.81,6621.100098,35,0,-58.2,1.06,3.7,0
1001004036720,13100500100411031159,16.37364,0.0712197758488591,10.5518,-0.71433,2.52,0,13100500100411,56570.2977157175,1.2,30,1023.7,3050.26,10963.099609,46,2,-17.5,1.06,3.98,0
1001004036720,13100500100421030265,16.42171,0.0718835969333881,10.55181,-0.71434,2.42,0,13100500100421,56570.3032739004,1.2,30,1022.17,3037.77,10510.700195,47,2,-26,1.071,4.23,0
1001004036720,13100500100431031163,16.451805,0.0723212093679698,10.55181,-0.71425,2.23,0,13100500100431,56570.3088722108,1.2,30,1011.88,3055.72,10229.5,45,2,-90,1.085,4.19,0
1001004036720,13100500100441030648,16.490571,0.0729488200377573,10.55183,-0.71426,2.32,0,13100500100441,56570.3144704397,1.21,30,1033.45,3055.67,9847.900391,41,2,-23.4,1.079,4.15,0
